,dataset,algo,samplerate,frame_length,hop_size,rpa50,rpa25,rpa10,rca50,rca25,rca10,smp_length,frames_analyzed
0,SASSE_16/validation,yin,16000,1024,512,0.7716417910447761,0.6076492537313433,0.27705223880597013,0.7792910447761194,0.621455223880597,0.30522388059701494,0.05,5360
1,SASSE_16/validation,yin,16000,1024,160,0.7916044776119403,0.5893656716417911,0.28389303482587064,0.8026119402985075,0.6080845771144279,0.3231965174129353,0.05,16080
2,SASSE_16/validation,pyin,16000,1024,512,0.8806350450803606,0.7473539788318306,0.5270482163857311,0.8833790670325362,0.7538220305762446,0.5564484515876127,0.05,5102
3,SASSE_16/validation,pyin,16000,1024,160,0.8659408619467887,0.6726792501449462,0.4504928171100947,0.8747020550151389,0.6899439541325775,0.49301037170650003,0.05,15523
4,SASSE_16/validation,crepe,16000,1024,160,0.89931592039801,0.8138059701492537,0.552860696517413,0.9045398009950248,0.8229477611940299,0.5914800995024876,0.05,16080
