,train_dataset,model_capacity,train_step_size,compensate,model_samplerate,eval_dataset,frame_length,eval_step_size,smp_length,frames_analyzed,rpa50,rpa50_std,rpa25,rpa25_std,rpa10,rpa10_std,rca50,rca50_std,rca25,rca25_std,rca10,rca10_std
0,SASSE_16/train,full,4,False,16000,SASSE_16/test,1024,5,0.05,27020,0.9999629903774981,6.0694657728681203e-05,0.9999629903774981,6.0694657728681203e-05,0.9998889711324944,0.00010512234003595461,0.9999629903774981,6.0694657728681203e-05,0.9999629903774981,6.0694657728681203e-05,0.9998889711324944,0.00010512234003595461
