,dataset,algo,samplerate,frame_length,hop_size,smp_length,frames_analyzed,rpa50,rpa50_std,rpa25,rpa25_std,rpa10,rpa10_std,rca50,rca50_std,rca25,rca25_std,rca10,rca10_std
0,SASSE_16/validation,yin,16000,1024,512,0.05,5360,0.7716417910447760,0.009403242525833000,0.6076492537313430,0.010937679141602900,0.27705223880597000,0.010025262287911800,0.7792910447761190,0.009290118923286810,0.621455223880597,0.010864881735361200,0.30522388059701500,0.01031556807277580
1,SASSE_16/validation,yin,16000,1024,160,0.05,16080,0.79160447761194,0.00525290006551925,0.589365671641791,0.00636239854867566,0.283893034825871,0.0058313236126906,0.802611940298508,0.0051477100047311,0.608084577114428,0.00631362811200145,0.323196517412935,0.00604874748339189
2,SASSE_16/validation,pyin,16000,1024,512,0.05,5102,0.8806350450803610,0.00744406269642824,0.7473539788318310,0.00997684047136621,0.5270482163857310,0.011463235871759600,0.8833790670325360,0.007369455971710190,0.7538220305762450,0.009890827468799170,0.5564484515876130,0.011406650629166100
3,SASSE_16/validation,pyin,16000,1024,160,0.05,15523,0.8659408619467890,0.0044848543911409200,0.6726792501449460,0.006176561978807630,0.4504928171100950,0.006549175696554470,0.8747020550151390,0.004357707408094820,0.6899439541325780,0.006088117533576470,0.49301037170650000,0.006580874135730590
4,SASSE_16/validation,crepe,16000,1024,160,0.05,16080,0.89931592039801,0.003891682207983580,0.8138059701492540,0.005034358484962460,0.552860696517413,0.006430283299700330,0.9045398009950250,0.0038003695887266900,0.8229477611940300,0.004936710628534440,0.5914800995024880,0.006357370219905190